,sofifa_id,player_url,short_name,long_name,player_positions,overall,potential,value_eur,wage_eur,age,dob,height_cm,weight_kg,club_team_id,club_name,league_name,league_level,club_position,club_jersey_number,club_loaned_from,club_joined,club_contract_valid_until,nationality_id,nationality_name,nation_team_id,nation_position,nation_jersey_number,preferred_foot,weak_foot,skill_moves,international_reputation,work_rate,body_type,real_face,release_clause_eur,player_tags,player_traits,pace,shooting,passing,dribbling,defending,physic,attacking_crossing,attacking_finishing,attacking_heading_accuracy,attacking_short_passing,attacking_volleys,skill_dribbling,skill_curve,skill_fk_accuracy,skill_long_passing,skill_ball_control,movement_acceleration,movement_sprint_speed,movement_agility,movement_reactions,movement_balance,power_shot_power,power_jumping,power_stamina,power_strength,power_long_shots,mentality_aggression,mentality_interceptions,mentality_positioning,mentality_vision,mentality_penalties,mentality_composure,defending_marking_awareness,defending_standing_tackle,defending_sliding_tackle,goalkeeping_diving,goalkeeping_handling,goalkeeping_kicking,goalkeeping_positioning,goalkeeping_reflexes,goalkeeping_speed,ls,st,rs,lw,lf,cf,rf,rw,lam,cam,ram,lm,lcm,cm,rcm,rm,lwb,ldm,cdm,rdm,rwb,lb,lcb,cb,rcb,rb,gk,player_face_url,club_logo_url,club_flag_url,nation_logo_url,nation_flag_url
773,186345,https://sofifa.com/player/186345/kieran-trippier/180002,K. Trippier,Kieran Trippier,"RB, RWB",78,81,10500000.0,80000.0,26,1990-09-19,178,72,18.0,Tottenham Hotspur,English Premier League,1.0,SUB,2.0,,2015-06-19,2022.0,14,England,,,,Right,4,3,2,High/High,Normal (170-185),Yes,20700000.0,"#Engine, #Crosser","Long Throw-in, Injury Free, Early Crosser",77.0,56.0,77.0,75.0,76.0,75.0,87,45,70,73,44,75,80,68,76,75,78,77,77,72,76,77,74,87,71,66,70,74,60,78,39,71,77,76,78,11,14,8,11,10,,66+1,66+1,66+1,72,69,69,69,72,71+1,71+1,71+1,74+1,74+1,74+1,74+1,74+1,78+1,75+1,75+1,75+1,78+1,77+1,74+1,74+1,74+1,77+1,18+1,https://cdn.sofifa.net/players/186/345/18_120.png,https://cdn.sofifa.net/teams/18/60.png,https://cdn.sofifa.net/flags/gb-eng.png,,https://cdn.sofifa.net/flags/gb-eng.png
6565,231281,https://sofifa.com/player/231281/trent-alexander-arnold/180002,T. Alexander-Arnold,Trent Alexander-Arnold,"RB, RM, CM",69,85,1900000.0,20000.0,18,1998-10-07,175,69,9.0,Liverpool,English Premier League,1.0,SUB,66.0,,2015-10-07,2021.0,14,England,,,,Right,3,2,1,High/Medium,Lean (170-185),Yes,4900000.0,,Early Crosser,81.0,58.0,70.0,67.0,64.0,66.0,70,56,56,73,41,68,73,74,67,63,81,81,75,60,75,62,67,78,59,63,69,64,62,63,55,65,63,66,64,14,15,14,6,7,,62+1,62+1,62+1,67,65,65,65,67,66+1,66+1,66+1,68+1,66+1,66+1,66+1,68+1,69+1,66+1,66+1,66+1,69+1,68+1,64+1,64+1,64+1,68+1,16+1,https://cdn.sofifa.net/players/231/281/18_120.png,https://cdn.sofifa.net/teams/9/60.png,https://cdn.sofifa.net/flags/gb-eng.png,,https://cdn.sofifa.net/flags/gb-eng.png
1712,183288,https://sofifa.com/player/183288/yohan-benalouane/180002,Y. Benalouane,Yohan Benalouane,"CB, RB",75,75,4900000.0,50000.0,30,1987-03-28,185,86,95.0,Leicester City,English Premier League,1.0,SUB,29.0,,2015-08-03,2019.0,145,Tunisia,,,,Right,3,2,1,Medium/High,Lean (185+),Yes,9400000.0,,Dives Into Tackles (AI),64.0,39.0,57.0,54.0,75.0,79.0,61,24,67,64,48,47,51,52,63,60,64,64,60,67,59,68,79,67,82,39,87,78,46,40,38,63,73,76,75,14,13,9,14,15,,54+1,54+1,54+1,52,52,52,52,52,52+1,52+1,52+1,55+1,58+1,58+1,58+1,55+1,68+1,70+1,70+1,70+1,68+1,69+1,74+1,74+1,74+1,69+1,20+1,https://cdn.sofifa.net/players/183/288/18_120.png,https://cdn.sofifa.net/teams/95/60.png,https://cdn.sofifa.net/flags/gb-eng.png,,https://cdn.sofifa.net/flags/tn.png
323,180216,https://sofifa.com/player/180216/seamus-coleman/180002,S. Coleman,Séamus Coleman,RB,81,81,14000000.0,110000.0,28,1988-10-11,177,67,7.0,Everton,English Premier League,1.0,SUB,23.0,,2009-02-04,2022.0,25,Republic of Ireland,1355.0,RB,2.0,Right,3,3,2,High/High,Normal (170-185),Yes,26600000.0,,Avoids Using Weaker Foot,73.0,66.0,72.0,78.0,80.0,77.0,81,62,67,78,64,78,42,35,70,78,74,72,76,83,74,75,72,84,73,68,78,76,75,70,60,78,82,84,83,5,15,10,13,7,,72+1,72+1,72+1,75,74,74,74,75,75+1,75+1,75+1,76+1,76+1,76+1,76+1,76+1,80+1,78+1,78+1,78+1,80+1,80+1,78+1,78+1,78+1,80+1,18+1,https://cdn.sofifa.net/players/180/216/18_120.png,https://cdn.sofifa.net/teams/7/60.png,https://cdn.sofifa.net/flags/gb-eng.png,https://cdn.sofifa.net/teams/1355/60.png,https://cdn.sofifa.net/flags/ie.png
3033,207807,https://sofifa.com/player/207807/ryan-fraser/180002,R. Fraser,Ryan Fraser,"RM, LM",73,80,5500000.0,50000.0,23,1994-02-24,163,60,1943.0,AFC Bournemouth,English Premier League,1.0,RM,24.0,,2013-01-01,2020.0,42,Scotland,,,,Right,4,3,1,High/Medium,Normal (170-),Yes,11600000.0,#Acrobat,"Diver, Flair, Speed Dribbler (AI)",88.0,64.0,68.0,76.0,42.0,55.0,72,67,25,69,43,76,70,67,54,71,89,88,92,64,93,60,61,72,41,69,65,35,69,70,56,68,53,43,37,15,14,15,7,10,,63+1,63+1,63+1,73,70,70,70,73,71+1,71+1,71+1,72+1,65+1,65+1,65+1,72+1,61+1,55+1,55+1,55+1,61+1,57+1,47+1,47+1,47+1,57+1,17+1,https://cdn.sofifa.net/players/207/807/18_120.png,https://cdn.sofifa.net/teams/1943/60.png,https://cdn.sofifa.net/flags/gb-eng.png,,https://cdn.sofifa.net/flags/gb-sct.png
1040,189060,https://sofifa.com/player/189060/aleksandar-dragovic/180002,A. Dragović,Aleksandar Dragović,CB,77,80,9000000.0,60000.0,26,1991-03-06,184,76,95.0,Leicester City,English Premier League,1.0,SUB,24.0,Bayer 04 Leverkusen,,2018.0,4,Austria,1322.0,RCB,3.0,Right,4,2,2,Medium/Medium,Normal (170-185),No,,,,72.0,51.0,61.0,65.0,78.0,76.0,49,41,76,68,37,62,32,61,62,68,69,74,66,74,64,69,80,73,80,53,69,81,63,65,65,70,76,80,75,10,7,11,13,8,,63+1,63+1,63+1,62,64,64,64,62,64+1,64+1,64+1,64+1,67+1,67+1,67+1,64+1,71+1,73+1,73+1,73+1,71+1,72+1,76+1,76+1,76+1,72+1,17+1,https://cdn.sofifa.net/players/189/060/18_120.png,https://cdn.sofifa.net/teams/95/60.png,https://cdn.sofifa.net/flags/gb-eng.png,https://cdn.sofifa.net/teams/1322/60.png,https://cdn.sofifa.net/flags/at.png
1423,199633,https://sofifa.com/player/199633/matthew-lowton/180002,M. Lowton,Matthew Lowton,RB,76,76,6000000.0,60000.0,28,1989-06-09,180,78,1796.0,Burnley,English Premier League,1.0,RB,2.0,,2015-06-22,2020.0,14,England,,,,Right,3,2,1,High/High,Normal (170-185),Yes,11400000.0,,"Long Throw-in, Early Crosser",75.0,60.0,69.0,73.0,74.0,77.0,75,52,71,72,70,72,68,46,63,74,76,75,72,76,71,72,77,81,75,68,76,74,60,68,49,74,73,74,76,11,6,6,13,7,,68+1,68+1,68+1,70,69,69,69,70,69+1,69+1,69+1,71+1,70+1,70+1,70+1,71+1,75+1,73+1,73+1,73+1,75+1,75+1,74+1,74+1,74+1,75+1,16+1,https://cdn.sofifa.net/players/199/633/18_120.png,https://cdn.sofifa.net/teams/1796/60.png,https://cdn.sofifa.net/flags/gb-eng.png,,https://cdn.sofifa.net/flags/gb-eng.png
4453,202697,https://sofifa.com/player/202697/jack-stephens/180002,J. Stephens,Jack Stephens,CB,71,79,3000000.0,40000.0,23,1994-01-27,185,75,17.0,Southampton,English Premier League,1.0,SUB,5.0,,2011-04-01,2022.0,14,England,,,,Right,3,2,1,Medium/Medium,Lean (185+),Yes,6300000.0,,,61.0,41.0,55.0,62.0,72.0,69.0,47,36,68,66,34,60,55,58,53,66,57,64,60,65,58,49,67,66,74,42,63,72,47,44,42,65,71,74,69,13,10,11,13,10,,55+1,55+1,55+1,55,55,55,55,55,56+1,56+1,56+1,57+1,59+1,59+1,59+1,57+1,65+1,66+1,66+1,66+1,65+1,66+1,70+1,70+1,70+1,66+1,17+1,https://cdn.sofifa.net/players/202/697/18_120.png,https://cdn.sofifa.net/teams/17/60.png,https://cdn.sofifa.net/flags/gb-eng.png,,https://cdn.sofifa.net/flags/gb-eng.png
829,199304,https://sofifa.com/player/199304/danilo-luiz-da-silva/180002,Danilo,Danilo Luiz da Silva,"RB, LB, CB",78,81,10500000.0,100000.0,25,1991-07-15,184,78,10.0,Manchester City,English Premier League,1.0,LWB,3.0,,2017-07-23,2022.0,54,Brazil,,,,Right,4,3,2,High/Medium,Lean (170-185),No,20200000.0,,"Long Shot Taker (AI), Speed Dribbler (AI)",78.0,70.0,71.0,74.0,76.0,79.0,71,61,68,76,72,73,74,76,69,77,75,80,73,79,65,85,75,83,79,72,74,81,75,63,67,69,72,77,78,14,5,15,14,5,,74+1,74+1,74+1,73,73,73,73,73,73+1,73+1,73+1,74+1,74+1,74+1,74+1,74+1,77+1,76+1,76+1,76+1,77+1,77+1,76+1,76+1,76+1,77+1,17+1,https://cdn.sofifa.net/players/199/304/18_120.png,https://cdn.sofifa.net/teams/10/60.png,https://cdn.sofifa.net/flags/gb-eng.png,,https://cdn.sofifa.net/flags/br.png
630,201118,https://sofifa.com/player/201118/cedric-ricardo-alves-soares/180002,Cédric,Cédric Ricardo Alves Soares,RB,79,82,13000000.0,80000.0,25,1991-08-31,172,67,17.0,Southampton,English Premier League,1.0,RB,2.0,,2015-06-18,2020.0,38,Portugal,1354.0,RB,21.0,Right,4,2,2,High/Medium,Normal (170-185),Yes,25700000.0,,,82.0,67.0,72.0,76.0,76.0,72.0,81,57,65,75,68,76,66,64,69,76,84,80,76,76,83,80,73,88,63,78,75,76,71,65,60,69,76,78,79,11,14,12,12,11,,71+1,71+1,71+1,74,73,73,73,74,73+1,73+1,73+1,75+1,74+1,74+1,74+1,75+1,79+1,75+1,75+1,75+1,79+1,78+1,74+1,74+1,74+1,78+1,19+1,https://cdn.sofifa.net/players/201/118/18_120.png,https://cdn.sofifa.net/teams/17/60.png,https://cdn.sofifa.net/flags/gb-eng.png,https://cdn.sofifa.net/teams/1354/60.png,https://cdn.sofifa.net/flags/pt.png
143,167905,https://sofifa.com/player/167905/antonio-valencia/180002,A. Valencia,Luis Antonio Valencia Mosquera,RB,83,83,17000000.0,130000.0,31,1985-08-04,180,83,11.0,Manchester United,English Premier League,1.0,RB,25.0,,2009-06-30,2018.0,57,Ecuador,111465.0,RM,16.0,Right,1,3,2,High/High,Stocky (170-185),Yes,31500000.0,#Engine,"Avoids Using Weaker Foot, Speed Dribbler (AI), Team Player, Backs Into Player",87.0,65.0,75.0,81.0,78.0,85.0,85,58,64,77,69,82,69,66,69,81,88,87,75,86,83,85,70,90,85,62,83,80,75,71,55,82,78,83,77,16,11,10,7,7,,75+1,75+1,75+1,78,77,77,77,78,76+1,76+1,76+1,80+1,77+1,77+1,77+1,80+1,82+1,80+1,80+1,80+1,82+1,82+1,79+1,79+1,79+1,82+1,19+1,https://cdn.sofifa.net/players/167/905/18_120.png,https://cdn.sofifa.net/teams/11/60.png,https://cdn.sofifa.net/flags/gb-eng.png,https://cdn.sofifa.net/teams/111465/60.png,https://cdn.sofifa.net/flags/ec.png
5302,204904,https://sofifa.com/player/204904/moritz-bauer/180002,M. Bauer,Moritz Bauer,"RB, LB, RWB",70,74,1900000.0,20000.0,25,1992-01-25,181,74,110227.0,Rubin Kazan,Russian Premier League,1.0,SUB,23.0,,2016-07-01,2019.0,4,Austria,,,,Right,3,2,1,Medium/Medium,Normal (170-185),No,3000000.0,,"Long Throw-in, Early Crosser",81.0,46.0,64.0,68.0,66.0,64.0,72,34,59,65,32,68,60,47,63,68,77,84,65,65,68,61,72,69,62,57,60,65,65,58,52,65,66,67,68,14,13,10,7,9,,59+1,59+1,59+1,65,63,63,63,65,63+1,63+1,63+1,66+1,64+1,64+1,64+1,66+1,69+1,65+1,65+1,65+1,69+1,69+1,65+1,65+1,65+1,69+1,17+1,https://cdn.sofifa.net/players/204/904/18_120.png,https://cdn.sofifa.net/teams/110227/60.png,https://cdn.sofifa.net/flags/ru.png,,https://cdn.sofifa.net/flags/at.png
1005,183130,https://sofifa.com/player/183130/marc-albrighton/180002,M. Albrighton,Marc Albrighton,LM,77,77,9500000.0,70000.0,27,1989-11-18,175,74,95.0,Leicester City,English Premier League,1.0,LM,11.0,,2014-07-01,2020.0,14,England,,,,Right,3,3,2,High/High,Lean (170-185),Yes,18100000.0,#Engine,Early Crosser,79.0,69.0,74.0,77.0,47.0,70.0,83,69,42,69,72,77,82,73,73,77,79,79,79,71,81,72,62,86,62,67,73,56,73,74,60,72,41,50,45,15,9,8,15,14,,69+1,69+1,69+1,75,73,73,73,75,74+1,74+1,74+1,76+1,72+1,72+1,72+1,76+1,67+1,64+1,64+1,64+1,67+1,63+1,55+1,55+1,55+1,63+1,19+1,https://cdn.sofifa.net/players/183/130/18_120.png,https://cdn.sofifa.net/teams/95/60.png,https://cdn.sofifa.net/flags/gb-eng.png,,https://cdn.sofifa.net/flags/gb-eng.png
16753,229880,https://sofifa.com/player/229880/aaron-wan-bissaka/180002,A. Wan-Bissaka,Aaron Wan-Bissaka,"RM, LM",55,71,170000.0,4000.0,19,1997-11-26,183,72,1799.0,Crystal Palace,English Premier League,1.0,RES,46.0,,2015-07-02,2018.0,110,Congo DR,,,,Right,3,3,1,Medium/Medium,Lean (170-185),No,480000.0,,,73.0,48.0,50.0,60.0,28.0,46.0,58,46,40,50,43,59,47,45,44,60,74,72,75,40,65,51,50,34,58,47,32,26,51,47,56,45,26,27,30,9,8,6,8,8,,52+1,52+1,52+1,56,53,53,53,56,53+1,53+1,53+1,54+1,47+1,47+1,47+1,54+1,43+1,39+1,39+1,39+1,43+1,42+1,36+1,36+1,36+1,42+1,12+1,https://cdn.sofifa.net/players/229/880/18_120.png,https://cdn.sofifa.net/teams/1799/60.png,https://cdn.sofifa.net/flags/gb-eng.png,,https://cdn.sofifa.net/flags/cd.png
2798,184037,https://sofifa.com/player/184037/martin-kelly/180002,M. Kelly,Martin Kelly,"RB, LB, CB",73,74,3700000.0,40000.0,27,1990-04-27,191,77,1799.0,Crystal Palace,English Premier League,1.0,SUB,34.0,,2014-08-14,2019.0,14,England,,,,Right,3,3,2,Medium/Medium,Normal (185+),Yes,7300000.0,,,58.0,44.0,61.0,62.0,74.0,76.0,73,38,76,68,39,59,60,35,64,67,56,60,59,73,55,61,70,75,79,38,70,71,42,39,58,75,72,77,78,7,11,8,7,8,,57+1,57+1,57+1,57,56,56,56,57,56+1,56+1,56+1,60+1,61+1,61+1,61+1,60+1,71+1,70+1,70+1,70+1,71+1,72+1,74,74,74,72+1,15+1,https://cdn.sofifa.net/players/184/037/18_120.png,https://cdn.sofifa.net/teams/1799/60.png,https://cdn.sofifa.net/flags/gb-eng.png,,https://cdn.sofifa.net/flags/gb-eng.png
163,188377,https://sofifa.com/player/188377/kyle-walker/180002,K. Walker,Kyle Walker,"RB, RWB",83,84,24000000.0,130000.0,27,1990-05-28,183,83,10.0,Manchester City,English Premier League,1.0,RWB,2.0,,2017-07-14,2022.0,14,England,1318.0,RB,2.0,Right,2,2,3,High/Medium,Normal (170-185),Yes,46200000.0,,"Long Throw-in, Avoids Using Weaker Foot, Speed Dribbler (AI)",90.0,63.0,73.0,76.0,80.0,81.0,78,51,73,75,57,77,76,71,67,76,86,93,70,81,72,86,83,90,77,68,78,78,66,69,63,75,79,84,83,12,6,16,15,8,,72+1,72+1,72+1,74,73,73,73,74,73+1,73+1,73+1,76+1,74+1,74+1,74+1,76+1,81+1,78+1,78+1,78+1,81+1,82+1,79+1,79+1,79+1,82+1,18+1,https://cdn.sofifa.net/players/188/377/18_120.png,https://cdn.sofifa.net/teams/10/60.png,https://cdn.sofifa.net/flags/gb-eng.png,https://cdn.sofifa.net/teams/1318/60.png,https://cdn.sofifa.net/flags/gb-eng.png
1761,189860,https://sofifa.com/player/189860/francisco-femenia-far/180002,Kiko Femenía,Francisco Femenía Far,"RB, RM",75,78,7000000.0,40000.0,26,1991-02-02,174,61,1795.0,Watford,English Premier League,1.0,SUB,21.0,,2017-07-01,2021.0,45,Spain,,,,Right,3,3,1,High/Medium,Normal (170-185),No,13800000.0,,"Selfish, Speed Dribbler (AI)",77.0,61.0,70.0,79.0,71.0,71.0,78,62,52,77,54,79,65,55,54,78,75,79,85,64,86,56,69,82,67,65,70,74,68,66,60,66,68,75,77,16,15,7,15,11,,66+1,66+1,66+1,73,71,71,71,73,72+1,72+1,72+1,73+1,71+1,71+1,71+1,73+1,76+1,72+1,72+1,72+1,76+1,74+1,70+1,70+1,70+1,74+1,19+1,https://cdn.sofifa.net/players/189/860/18_120.png,https://cdn.sofifa.net/teams/1795/60.png,https://cdn.sofifa.net/flags/gb-eng.png,,https://cdn.sofifa.net/flags/es.png
10542,225782,https://sofifa.com/player/225782/ainsley-maitland-niles/180002,A. Maitland-Niles,Ainsley Maitland-Niles,"RM, CM",65,78,1000000.0,15000.0,19,1997-08-29,177,71,1.0,Arsenal,English Premier League,1.0,SUB,30.0,,2014-10-24,2019.0,14,England,,,,Right,4,3,1,Medium/Medium,Lean (170-185),No,2500000.0,,,74.0,53.0,62.0,65.0,57.0,66.0,60,51,38,68,39,65,44,36,66,63,77,72,74,62,70,58,58,72,68,54,55,61,56,60,54,55,57,59,58,15,9,7,10,13,,58+1,58+1,58+1,63,61,61,61,63,63+1,63+1,63+1,64+1,63+1,63+1,63+1,64+1,64+1,63+1,63+1,63+1,64+1,62+1,58+1,58+1,58+1,62+1,17+1,https://cdn.sofifa.net/players/225/782/18_120.png,https://cdn.sofifa.net/teams/1/60.png,https://cdn.sofifa.net/flags/gb-eng.png,,https://cdn.sofifa.net/flags/gb-eng.png
8483,225024,https://sofifa.com/player/225024/mason-holgate/180002,M. Holgate,Mason Holgate,"RB, RWB, CB",67,82,1500000.0,30000.0,20,1996-10-22,184,63,7.0,Everton,English Premier League,1.0,SUB,30.0,,2015-08-13,2021.0,14,England,,,,Right,3,2,1,Medium/Medium,Lean (170-185),Yes,3800000.0,,,76.0,42.0,54.0,65.0,66.0,71.0,43,37,62,68,40,65,39,35,59,67,75,76,65,65,57,51,57,74,75,42,63,58,50,45,40,66,65,71,70,13,12,9,8,16,,57+1,57+1,57+1,59,58,58,58,59,59+1,59+1,59+1,61+1,61+1,61+1,61+1,61+1,65+1,65+1,65+1,65+1,65+1,66+1,66+1,66+1,66+1,66+1,18+1,https://cdn.sofifa.net/players/225/024/18_120.png,https://cdn.sofifa.net/teams/7/60.png,https://cdn.sofifa.net/flags/gb-eng.png,,https://cdn.sofifa.net/flags/gb-eng.png
1734,186598,https://sofifa.com/player/186598/kyle-naughton/180002,K. Naughton,Kyle Naughton,RB,75,75,5500000.0,50000.0,28,1988-11-11,180,73,1960.0,Swansea City,English Premier League,1.0,RB,26.0,,2015-01-22,2020.0,14,England,,,,Right,3,3,2,High/Medium,Lean (170-185),Yes,10500000.0,,Long Throw-in,74.0,52.0,65.0,67.0,74.0,70.0,71,45,70,73,52,64,43,28,66,68,74,74,71,70,70,68,73,74,68,52,68,73,54,59,47,67,71,78,79,12,10,9,9,11,,62+1,62+1,62+1,64,63,63,63,64,64+1,64+1,64+1,66+1,66+1,66+1,66+1,66+1,73+1,71+1,71+1,71+1,73+1,74+1,73+1,73+1,73+1,74+1,17+1,https://cdn.sofifa.net/players/186/598/18_120.png,https://cdn.sofifa.net/teams/1960/60.png,https://cdn.sofifa.net/flags/gb-eng.png,,https://cdn.sofifa.net/flags/gb-eng.png
618,199550,https://sofifa.com/player/199550/bruno-martins-indi/180002,B. Martins Indi,Bruno Maximiliano Martins Indi,CB,79,82,13500000.0,70000.0,25,1992-02-08,185,76,1806.0,Stoke City,English Premier League,1.0,SUB,15.0,,2017-08-11,2022.0,34,Netherlands,105035.0,SUB,14.0,Left,3,2,2,Medium/High,Normal (185+),Yes,26700000.0,,,57.0,42.0,59.0,57.0,79.0,81.0,71,38,75,69,32,53,30,38,69,64,54,59,53,66,62,56,69,70,86,40,86,78,42,35,38,69,78,83,77,11,9,7,15,6,,55+1,55+1,55+1,55,53,53,53,55,54+1,54+1,54+1,58+1,60+1,60+1,60+1,58+1,71+1,73+1,73+1,73+1,71+1,72+1,78+1,78+1,78+1,72+1,16+1,https://cdn.sofifa.net/players/199/550/18_120.png,https://cdn.sofifa.net/teams/1806/60.png,https://cdn.sofifa.net/flags/gb-eng.png,https://cdn.sofifa.net/teams/105035/60.png,https://cdn.sofifa.net/flags/nl.png
1604,137782,https://sofifa.com/player/137782/glen-johnson/180002,G. Johnson,Glen Johnson,RB,75,75,3700000.0,50000.0,32,1984-08-23,182,78,1806.0,Stoke City,English Premier League,1.0,SUB,8.0,,2015-07-13,2018.0,14,England,,,,Right,4,3,2,High/Low,Normal (170-185),Yes,7000000.0,,Long Shot Taker (AI),71.0,63.0,72.0,76.0,73.0,72.0,75,54,68,75,56,78,69,54,70,77,74,69,72,74,67,79,77,71,72,70,71,68,69,69,60,72,75,76,77,13,7,7,6,7,,69+1,69+1,69+1,72,72,72,72,72,72+1,72+1,72+1,73+1,72+1,72+1,72+1,73+1,74+1,73+1,73+1,73+1,74+1,74+1,73+1,73+1,73+1,74+1,15+1,https://cdn.sofifa.net/players/137/782/18_120.png,https://cdn.sofifa.net/teams/1806/60.png,https://cdn.sofifa.net/flags/gb-eng.png,,https://cdn.sofifa.net/flags/gb-eng.png
5583,225100,https://sofifa.com/player/225100/joe-gomez/180002,J. Gomez,Joe Gomez,"CB, RB, LB",70,82,2800000.0,40000.0,20,1997-05-23,188,77,9.0,Liverpool,English Premier League,1.0,SUB,12.0,,2015-06-20,2022.0,14,England,,,,Right,3,2,1,Medium/Medium,Normal (185+),Yes,5900000.0,,Injury Prone,77.0,30.0,53.0,65.0,69.0,72.0,57,26,69,65,24,65,41,29,53,65,75,78,64,65,66,41,64,67,78,26,63,64,51,39,26,63,69,71,71,8,13,14,7,7,,54+1,54+1,54+1,57,55,55,55,57,56+1,56+1,56+1,60+1,57+1,57+1,57+1,60+1,67+1,65+1,65+1,65+1,67+1,68+1,69+1,69+1,69+1,68+1,15+1,https://cdn.sofifa.net/players/225/100/18_120.png,https://cdn.sofifa.net/teams/9/60.png,https://cdn.sofifa.net/flags/gb-eng.png,,https://cdn.sofifa.net/flags/gb-eng.png
1925,212883,https://sofifa.com/player/212883/daniel-amartey/180002,D. Amartey,Daniel Amartey,"CDM, CM",75,82,8000000.0,40000.0,22,1994-12-21,186,79,95.0,Leicester City,English Premier League,1.0,RES,18.0,,2016-02-05,2019.0,117,Ghana,,,,Right,3,2,1,Medium/High,Normal (185+),Yes,16800000.0,,,73.0,60.0,63.0,70.0,72.0,86.0,49,46,74,76,68,69,44,32,71,72,70,76,68,76,69,83,86,89,85,71,84,72,42,60,51,70,70,74,72,13,13,13,8,15,,66+1,66+1,66+1,64,65,65,65,64,66+1,66+1,66+1,66+1,70+1,70+1,70+1,66+1,72+1,74+1,74+1,74+1,72+1,72+1,75+1,75+1,75+1,72+1,19+1,https://cdn.sofifa.net/players/212/883/18_120.png,https://cdn.sofifa.net/teams/95/60.png,https://cdn.sofifa.net/flags/gb-eng.png,,https://cdn.sofifa.net/flags/gh.png
1801,194806,https://sofifa.com/player/194806/craig-dawson/180002,C. Dawson,Craig Dawson,"RB, CB",75,76,6000000.0,50000.0,27,1990-05-06,188,85,109.0,West Bromwich Albion,English Premier League,1.0,SUB,25.0,,2010-08-31,2020.0,14,England,,,,Right,2,2,2,Medium/Medium,Normal (185+),Yes,11900000.0,,Injury Free,65.0,43.0,59.0,60.0,76.0,76.0,66,49,81,65,20,55,45,24,60,67,62,67,62,69,50,57,83,78,77,14,71,74,56,51,66,68,75,78,74,7,8,7,7,5,,60+3,60+3,60+3,59+2,58+2,58+2,58+2,59+2,57+3,57+3,57+3,62+3,61+3,61+3,61+3,62+3,70+3,70+3,70+3,70+3,70+3,72+3,75+1,75+1,75+1,72+3,14+3,https://cdn.sofifa.net/players/194/806/18_120.png,https://cdn.sofifa.net/teams/109/60.png,https://cdn.sofifa.net/flags/gb-eng.png,,https://cdn.sofifa.net/flags/gb-eng.png
2877,190885,https://sofifa.com/player/190885/adam-smith/180002,A. Smith,Adam Smith,RB,73,76,4100000.0,50000.0,26,1991-04-29,180,78,1943.0,AFC Bournemouth,English Premier League,1.0,RB,15.0,,2014-01-28,2021.0,14,England,,,,Right,3,3,1,High/Medium,Lean (170-185),Yes,8000000.0,,Technical Dribbler (AI),76.0,55.0,69.0,73.0,71.0,69.0,72,43,56,72,40,74,59,66,61,72,77,75,74,73,69,72,53,76,68,68,67,70,63,69,48,72,72,75,72,8,9,15,9,6,,64+1,64+1,64+1,69,68,68,68,69,69+1,69+1,69+1,70+1,69+1,69+1,69+1,70+1,73+1,71+1,71+1,71+1,73+1,72+1,69+1,69+1,69+1,72+1,16+1,https://cdn.sofifa.net/players/190/885/18_120.png,https://cdn.sofifa.net/teams/1943/60.png,https://cdn.sofifa.net/flags/gb-eng.png,,https://cdn.sofifa.net/flags/gb-eng.png
3691,203783,https://sofifa.com/player/203783/tommy-smith/180002,T. Smith,Tommy Smith,RB,72,76,3300000.0,30000.0,25,1992-04-14,186,84,1939.0,Huddersfield Town,English Premier League,1.0,RB,2.0,,2012-09-01,2020.0,14,England,,,,Right,3,2,1,Medium/Medium,Normal (185+),No,6900000.0,,Injury Free,74.0,34.0,67.0,65.0,70.0,73.0,74,38,65,68,20,65,59,41,62,67,76,73,60,72,63,29,64,79,71,22,71,67,67,68,41,63,71,73,69,15,14,14,14,9,,57+1,57+1,57+1,64,61,61,61,64,63+1,63+1,63+1,68+1,66+1,66+1,66+1,68+1,71+1,69+1,69+1,69+1,71+1,71+1,70+1,70+1,70+1,71+1,20+1,https://cdn.sofifa.net/players/203/783/18_120.png,https://cdn.sofifa.net/teams/1939/60.png,https://cdn.sofifa.net/flags/gb-eng.png,,https://cdn.sofifa.net/flags/gb-eng.png
2594,232270,https://sofifa.com/player/232270/timothy-fosu-mensah/180002,T. Fosu-Mensah,Timothy Evans Fosu-Mensah,"RB, CB, CDM",74,86,8500000.0,20000.0,19,1998-01-02,190,78,1799.0,Crystal Palace,English Premier League,1.0,RCB,24.0,Manchester United,,2018.0,34,Netherlands,105035.0,SUB,15.0,Right,4,2,1,Medium/Medium,Normal (185+),Yes,,,Dives Into Tackles (AI),84.0,62.0,66.0,66.0,73.0,77.0,66,57,73,73,55,65,60,34,70,64,82,85,73,70,63,79,76,67,79,60,84,74,60,61,48,69,71,74,74,11,8,8,7,11,,68+1,68+1,68+1,67,67,67,67,67,66+1,66+1,66+1,68+1,67+1,67+1,67+1,68+1,72+1,72+1,72+1,72+1,72+1,73+1,74+1,74+1,74+1,73+1,16+1,https://cdn.sofifa.net/players/232/270/18_120.png,https://cdn.sofifa.net/teams/1799/60.png,https://cdn.sofifa.net/flags/gb-eng.png,https://cdn.sofifa.net/teams/105035/60.png,https://cdn.sofifa.net/flags/nl.png
1790,192838,https://sofifa.com/player/192838/ezequiel-schelotto/180002,E. Schelotto,Matías Ezequiel Schelotto,"RB, RM",75,75,5500000.0,40000.0,28,1989-05-23,187,76,1808.0,Brighton & Hove Albion,English Premier League,1.0,SUB,26.0,,2017-08-31,2020.0,27,Italy,,,,Right,3,3,1,High/Medium,Lean (185+),No,11000000.0,,Speed Dribbler (AI),78.0,61.0,67.0,71.0,71.0,81.0,74,52,64,68,59,71,67,57,65,72,74,82,71,73,65,75,72,90,75,67,85,73,73,62,54,66,68,74,76,11,11,6,5,9,,68+1,68+1,68+1,70,69,69,69,70,68+1,68+1,68+1,71+1,70+1,70+1,70+1,71+1,75,72+1,72+1,72+1,75,74+1,73+1,73+1,73+1,74+1,16+1,https://cdn.sofifa.net/players/192/838/18_120.png,https://cdn.sofifa.net/teams/1808/60.png,https://cdn.sofifa.net/flags/gb-eng.png,,https://cdn.sofifa.net/flags/it.png
450,184392,https://sofifa.com/player/184392/matteo-darmian/180002,M. Darmian,Matteo Darmian,"LB, RB",80,81,13500000.0,120000.0,27,1989-12-02,182,70,11.0,Manchester United,English Premier League,1.0,SUB,36.0,,2015-07-11,2019.0,27,Italy,1343.0,RB,4.0,Right,5,3,2,Low/High,Lean (170-185),Yes,26000000.0,,,77.0,58.0,69.0,75.0,80.0,73.0,71,55,68,76,59,74,69,35,66,75,78,77,80,80,78,69,73,88,65,56,76,79,64,63,45,76,81,84,82,6,7,7,12,7,,68+1,68+1,68+1,71,70,70,70,71,70+1,70+1,70+1,73+1,72+1,72+1,72+1,73+1,79+1,77+1,77+1,77+1,79+1,79+1,77+1,77+1,77+1,79+1,16+1,https://cdn.sofifa.net/players/184/392/18_120.png,https://cdn.sofifa.net/teams/11/60.png,https://cdn.sofifa.net/flags/gb-eng.png,https://cdn.sofifa.net/teams/1343/60.png,https://cdn.sofifa.net/flags/it.png
18,192985,https://sofifa.com/player/192985/kevin-de-bruyne/180002,K. De Bruyne,Kevin De Bruyne,"CAM, CM, RM",89,92,83000000.0,275000.0,26,1991-06-28,181,68,10.0,Manchester City,English Premier League,1.0,RCM,17.0,,2015-08-30,2021.0,7,Belgium,1325.0,RCM,7.0,Right,4,4,4,High/High,Normal (170-185),Yes,159800000.0,"#Playmaker, #Engine, #Crosser, #Complete Midfielder","Early Crosser, Long Passer (AI), Long Shot Taker (AI), Playmaker (AI), Set Play Specialist",75.0,84.0,88.0,85.0,45.0,75.0,90,83,53,90,82,85,83,83,84,87,76,75,80,88,75,85,65,87,73,86,68,56,84,90,77,84,30,51,40,15,13,5,10,13,,81+3,81+3,81+3,85+2,85+2,85+2,85+2,85+2,86+3,86+3,86+3,85+3,84+3,84+3,84+3,85+3,71+3,70+3,70+3,70+3,71+3,66+3,57+3,57+3,57+3,66+3,21+3,https://cdn.sofifa.net/players/192/985/18_120.png,https://cdn.sofifa.net/teams/10/60.png,https://cdn.sofifa.net/flags/gb-eng.png,https://cdn.sofifa.net/teams/1325/60.png,https://cdn.sofifa.net/flags/be.png
1669,169600,https://sofifa.com/player/169600/danny-simpson/180002,D. Simpson,Danny Simpson,RB,75,75,4800000.0,50000.0,30,1987-01-04,176,80,95.0,Leicester City,English Premier League,1.0,RB,2.0,,2014-08-30,2019.0,14,England,,,,Right,3,2,2,Low/High,Lean (170-185),Yes,9100000.0,,Long Passer (AI),69.0,38.0,61.0,67.0,77.0,76.0,68,27,71,64,50,64,44,32,60,69,70,68,65,76,80,37,79,79,72,54,79,77,58,63,54,67,78,77,76,10,15,13,9,11,,56+1,56+1,56+1,62,60,60,60,62,62+1,62+1,62+1,64+1,66+1,66+1,66+1,64+1,73+1,72+1,72+1,72+1,73+1,74+1,75,75,75,74+1,18+1,https://cdn.sofifa.net/players/169/600/18_120.png,https://cdn.sofifa.net/teams/95/60.png,https://cdn.sofifa.net/flags/gb-eng.png,,https://cdn.sofifa.net/flags/gb-eng.png
248,190456,https://sofifa.com/player/190456/nathaniel-clyne/180002,N. Clyne,Nathaniel Edwin Clyne,RB,82,84,22000000.0,110000.0,26,1991-04-05,175,67,9.0,Liverpool,English Premier League,1.0,RB,2.0,,2015-07-01,2020.0,14,England,1318.0,SUB,15.0,Right,2,3,2,High/Medium,Normal (170-185),Yes,43500000.0,,"Injury Free, Avoids Using Weaker Foot",83.0,61.0,71.0,77.0,80.0,76.0,79,54,67,77,45,76,64,39,67,76,82,83,83,76,76,74,69,87,71,69,76,79,72,64,46,75,81,83,86,10,11,13,15,7,,70+1,70+1,70+1,74,72,72,72,74,73+1,73+1,73+1,75+1,74+1,74+1,74+1,75+1,81+1,77+1,77+1,77+1,81+1,81+1,78+1,78+1,78+1,81+1,18+1,https://cdn.sofifa.net/players/190/456/18_120.png,https://cdn.sofifa.net/teams/9/60.png,https://cdn.sofifa.net/flags/gb-eng.png,https://cdn.sofifa.net/teams/1318/60.png,https://cdn.sofifa.net/flags/gb-eng.png
16043,224263,https://sofifa.com/player/224263/jonjoe-kenny/180002,J. Kenny,Jonjoe Kenny,"RB, CB, RWB",57,72,200000.0,9000.0,20,1997-03-15,176,67,7.0,Everton,English Premier League,1.0,RES,43.0,,2014-07-18,2019.0,14,England,,,,Right,3,2,1,Medium/Medium,Lean (170-185),Yes,505000.0,,,58.0,33.0,50.0,51.0,57.0,61.0,46,28,62,57,33,47,43,34,50,52,54,62,61,53,71,44,74,62,60,30,59,50,35,46,51,48,56,60,58,6,13,16,13,15,,46+1,46+1,46+1,47,46,46,46,47,48+1,48+1,48+1,49+1,50+1,50+1,50+1,49+1,55+1,55+1,55+1,55+1,55+1,56+1,58+1,58+1,58+1,56+1,17+1,https://cdn.sofifa.net/players/224/263/18_120.png,https://cdn.sofifa.net/teams/7/60.png,https://cdn.sofifa.net/flags/gb-eng.png,,https://cdn.sofifa.net/flags/gb-eng.png
3411,163261,https://sofifa.com/player/163261/phil-bardsley/180002,P. Bardsley,Phil Bardsley,"RB, LB",72,72,1700000.0,30000.0,32,1985-06-28,180,74,1796.0,Burnley,English Premier League,1.0,SUB,26.0,,2017-07-25,2019.0,42,Scotland,,,,Right,3,2,1,Medium/Medium,Normal (170-185),Yes,3300000.0,,Dives Into Tackles (AI),62.0,59.0,60.0,64.0,73.0,76.0,65,47,67,70,43,61,66,33,62,67,66,58,68,74,62,83,75,71,75,66,85,68,58,42,56,67,74,76,79,11,8,9,9,8,,64+1,64+1,64+1,62,62,62,62,62,61+1,61+1,61+1,62+1,64+1,64+1,64+1,62+1,70+1,70+1,70+1,70+1,70+1,71+1,73-1,73-1,73-1,71+1,16+1,https://cdn.sofifa.net/players/163/261/18_120.png,https://cdn.sofifa.net/teams/1796/60.png,https://cdn.sofifa.net/flags/gb-eng.png,,https://cdn.sofifa.net/flags/gb-sct.png
1730,186392,https://sofifa.com/player/186392/joel-ward/180002,J. Ward,Joel Ward,"RB, LB",75,76,6000000.0,40000.0,27,1989-10-29,188,83,1799.0,Crystal Palace,English Premier League,1.0,RWB,2.0,,2012-05-01,2018.0,14,England,,,,Right,3,2,1,Medium/Medium,Normal (185+),Yes,11900000.0,,Injury Free,65.0,54.0,67.0,65.0,77.0,76.0,73,46,75,70,33,64,43,34,69,67,64,65,66,73,61,68,66,77,78,63,74,77,64,68,40,73,76,78,77,8,7,7,10,11,,64+1,64+1,64+1,65,65,65,65,65,66+1,66+1,66+1,67+1,69+1,69+1,69+1,67+1,73+1,74+1,74+1,74+1,73+1,74+1,75+1,75+1,75+1,74+1,16+1,https://cdn.sofifa.net/players/186/392/18_120.png,https://cdn.sofifa.net/teams/1799/60.png,https://cdn.sofifa.net/flags/gb-eng.png,,https://cdn.sofifa.net/flags/gb-eng.png
1486,210972,https://sofifa.com/player/210972/javier-manquillo-gaitan/180002,Manquillo,Javier Manquillo Gaitán,"RB, LB",76,82,9000000.0,50000.0,23,1994-05-05,180,72,13.0,Newcastle United,English Premier League,1.0,RB,19.0,,2017-07-21,2020.0,45,Spain,,,,Right,3,2,1,High/Medium,Normal (170-185),Yes,18900000.0,,,76.0,45.0,65.0,71.0,73.0,72.0,79,32,63,73,37,71,75,51,66,73,78,74,74,69,64,69,68,89,66,44,67,69,69,39,46,64,73,78,75,14,7,14,12,13,,62+1,62+1,62+1,66,63,63,63,66,63+1,63+1,63+1,69+1,66+1,66+1,66+1,69+1,75+1,71+1,71+1,71+1,75+1,75+1,71+1,71+1,71+1,75+1,18+1,https://cdn.sofifa.net/players/210/972/18_120.png,https://cdn.sofifa.net/teams/13/60.png,https://cdn.sofifa.net/flags/gb-eng.png,,https://cdn.sofifa.net/flags/es.png
2796,183916,https://sofifa.com/player/183916/jeremy-pied/180002,J. Pied,Jérémy Pied,"RB, RM, LB",73,73,3200000.0,60000.0,28,1989-02-23,173,69,17.0,Southampton,English Premier League,1.0,SUB,26.0,,2016-08-02,2018.0,18,France,,,,Right,3,3,1,High/High,Normal (170-185),No,6000000.0,,Early Crosser,71.0,68.0,74.0,75.0,72.0,73.0,75,61,71,77,69,75,75,73,75,75,73,70,76,68,77,83,70,75,70,72,77,73,67,67,63,73,71,72,70,13,9,7,15,7,,71+1,71+1,71+1,72,71,71,71,72,72+1,72+1,72+1,72+1,73,73,73,72+1,73,73,73,73,73,72+1,72+1,72+1,72+1,72+1,17+1,https://cdn.sofifa.net/players/183/916/18_120.png,https://cdn.sofifa.net/teams/17/60.png,https://cdn.sofifa.net/flags/gb-eng.png,,https://cdn.sofifa.net/flags/fr.png
1346,186672,https://sofifa.com/player/186672/geoff-cameron/180002,G. Cameron,Geoff Cameron,"CDM, CB, RB, RWB",76,76,5000000.0,60000.0,31,1985-07-11,191,84,1806.0,Stoke City,English Premier League,1.0,SUB,20.0,,2012-08-01,2020.0,95,United States,1387.0,RCB,20.0,Right,3,2,2,Medium/Medium,Normal (185+),Yes,9500000.0,,"Long Throw-in, Injury Prone",63.0,56.0,67.0,68.0,78.0,77.0,60,51,73,73,56,69,60,60,66,70,62,63,60,71,53,65,77,79,76,56,77,78,62,70,63,80,76,81,77,7,16,6,10,14,,64+1,64+1,64+1,65,66,66,66,65,67+1,67+1,67+1,67+1,70+1,70+1,70+1,67+1,72+1,75+1,75+1,75+1,72+1,73+1,76,76,76,73+1,18+1,https://cdn.sofifa.net/players/186/672/18_120.png,https://cdn.sofifa.net/teams/1806/60.png,https://cdn.sofifa.net/flags/gb-eng.png,https://cdn.sofifa.net/teams/1387/60.png,https://cdn.sofifa.net/flags/us.png
371,203747,https://sofifa.com/player/203747/hector-bellerin-moruno/180002,Héctor Bellerín,Héctor Bellerín Moruno,RB,81,88,21000000.0,90000.0,22,1995-03-19,178,74,1.0,Arsenal,English Premier League,1.0,RWB,24.0,,2014-07-01,2023.0,45,Spain,,,,Right,3,3,3,High/Medium,Normal (170-185),Yes,43100000.0,#Speedster,Speed Dribbler (AI),95.0,51.0,69.0,78.0,75.0,70.0,76,52,60,75,41,76,63,50,59,79,96,94,84,78,77,52,65,87,62,43,72,78,67,63,62,72,75,77,81,8,14,14,13,12,,66+1,66+1,66+1,74,71,71,71,74,71+1,71+1,71+1,76+1,71+1,71+1,71+1,76+1,80+1,75+1,75+1,75+1,80+1,80+1,74+1,74+1,74+1,80+1,19+1,https://cdn.sofifa.net/players/203/747/18_120.png,https://cdn.sofifa.net/teams/1/60.png,https://cdn.sofifa.net/flags/gb-eng.png,,https://cdn.sofifa.net/flags/es.png
646,204311,https://sofifa.com/player/204311/kurt-zouma/180002,K. Zouma,Kurt Happy Zouma,"CB, RB",79,86,15000000.0,60000.0,22,1994-10-27,190,96,1806.0,Stoke City,English Premier League,1.0,RCB,6.0,Chelsea,,2018.0,18,France,,,,Right,3,2,2,Medium/Medium,Normal (185+),Yes,,#Strength,Power Header,67.0,50.0,58.0,55.0,79.0,83.0,54,47,77,62,47,48,59,60,56,66,63,71,45,74,52,56,87,72,88,49,83,76,53,57,61,71,78,83,78,14,14,7,9,15,,61+1,61+1,61+1,57,58,58,58,57,58+1,58+1,58+1,59+1,62+1,62+1,62+1,59+1,70+1,72+1,72+1,72+1,70+1,72+1,78+1,78+1,78+1,72+1,19+1,https://cdn.sofifa.net/players/204/311/18_120.png,https://cdn.sofifa.net/teams/1806/60.png,https://cdn.sofifa.net/flags/gb-eng.png,,https://cdn.sofifa.net/flags/fr.png
14210,238319,https://sofifa.com/player/238319/tom-edwards/180002,T. Edwards,Thomas Edwards,RB,61,80,450000.0,6000.0,18,1999-01-22,175,76,1806.0,Stoke City,English Premier League,1.0,RES,42.0,,2016-08-11,2019.0,14,England,,,,Right,3,2,1,High/Medium,Normal (170-185),No,1100000.0,,,68.0,42.0,46.0,61.0,61.0,59.0,56,40,55,41,32,70,36,43,37,50,69,67,59,58,44,37,61,67,56,48,57,57,48,53,50,49,58,67,69,10,14,13,6,7,,50+1,50+1,50+1,55,53,53,53,55,52+1,52+1,52+1,55+1,51+1,51+1,51+1,55+1,60+1,54+1,54+1,54+1,60+1,60+1,59+1,59+1,59+1,60+1,15+1,https://cdn.sofifa.net/players/238/319/18_120.png,https://cdn.sofifa.net/teams/1806/60.png,https://cdn.sofifa.net/flags/gb-eng.png,,https://cdn.sofifa.net/flags/gb-eng.png
1226,135883,https://sofifa.com/player/135883/simon-francis/180002,S. Francis,Simon Francis,"CB, RB",76,76,4400000.0,60000.0,32,1985-02-16,183,90,1943.0,AFC Bournemouth,English Premier League,1.0,SUB,2.0,,2012-01-01,2019.0,14,England,,,,Right,4,2,1,High/Medium,Normal (170-185),Yes,8400000.0,,,65.0,43.0,69.0,67.0,76.0,76.0,75,25,69,73,26,66,51,61,67,73,62,67,58,73,58,64,57,72,81,62,75,71,55,62,44,71,77,79,77,12,6,10,8,12,,59+1,59+1,59+1,63,62,62,62,63,64+1,64+1,64+1,66+1,68+1,68+1,68+1,66+1,73+1,73+1,73+1,73+1,73+1,73+1,75+1,75+1,75+1,73+1,17+1,https://cdn.sofifa.net/players/135/883/18_120.png,https://cdn.sofifa.net/teams/1943/60.png,https://cdn.sofifa.net/flags/gb-eng.png,,https://cdn.sofifa.net/flags/gb-eng.png
3032,207725,https://sofifa.com/player/207725/mike-van-der-hoorn/180002,M. van der Hoorn,Mike van der Hoorn,CB,73,77,4400000.0,40000.0,24,1992-10-15,190,83,1960.0,Swansea City,English Premier League,1.0,SUB,5.0,,2016-07-18,2019.0,34,Netherlands,,,,Right,3,2,1,Medium/Medium,Normal (185+),Yes,8700000.0,,Power Header,38.0,45.0,47.0,47.0,75.0,74.0,36,42,80,57,26,45,33,31,62,54,34,42,32,62,37,73,83,57,85,31,64,70,40,37,40,62,75,78,70,7,11,15,10,15,,54+1,54+1,54+1,45,48,48,48,45,47+1,47+1,47+1,47+1,54+1,54+1,54+1,47+1,58+1,65+1,65+1,65+1,58+1,61+1,72+1,72+1,72+1,61+1,17+1,https://cdn.sofifa.net/players/207/725/18_120.png,https://cdn.sofifa.net/teams/1960/60.png,https://cdn.sofifa.net/flags/gb-eng.png,,https://cdn.sofifa.net/flags/nl.png
4069,152723,https://sofifa.com/player/152723/liam-rosenior/180002,L. Rosenior,Liam Rosenior,"LB, RB, RM",71,71,1300000.0,30000.0,32,1984-07-09,178,77,1808.0,Brighton & Hove Albion,English Premier League,1.0,RES,23.0,,2015-07-01,2018.0,14,England,,,,Right,3,3,1,High/Medium,Lean (170-185),Yes,2600000.0,,"Long Passer (AI), Team Player",69.0,52.0,59.0,69.0,71.0,67.0,62,50,60,63,54,69,65,35,53,68,69,69,69,65,71,64,71,76,61,42,71,71,60,56,43,64,70,73,76,14,10,15,9,9,,61+1,61+1,61+1,63,62,62,62,63,62+1,62+1,62+1,64+1,62+1,62+1,62+1,64+1,69+1,67+1,67+1,67+1,69+1,70+1,69+1,69+1,69+1,70+1,17+1,https://cdn.sofifa.net/players/152/723/18_120.png,https://cdn.sofifa.net/teams/1808/60.png,https://cdn.sofifa.net/flags/gb-eng.png,,https://cdn.sofifa.net/flags/gb-eng.png
356,197853,https://sofifa.com/player/197853/serge-aurier/180002,S. Aurier,Serge Alain Stéphane Aurier,RB,81,85,19000000.0,80000.0,24,1992-12-24,176,76,18.0,Tottenham Hotspur,English Premier League,1.0,RB,24.0,,2017-08-31,2022.0,108,Côte d'Ivoire,111112.0,RB,17.0,Right,3,3,2,High/High,Stocky (170-185),No,37500000.0,#Engine,"Power Header, Through Ball",84.0,66.0,73.0,77.0,78.0,84.0,80,65,75,76,50,76,69,30,72,77,84,84,76,81,78,78,93,87,81,58,83,76,74,71,66,75,77,80,82,7,10,15,16,9,,74+1,74+1,74+1,76,75,75,75,76,74+1,74+1,74+1,77+1,75+1,75+1,75+1,77+1,80+1,78+1,78+1,78+1,80+1,80+1,79+1,79+1,79+1,80+1,18+1,https://cdn.sofifa.net/players/197/853/18_120.png,https://cdn.sofifa.net/teams/18/60.png,https://cdn.sofifa.net/flags/gb-eng.png,https://cdn.sofifa.net/teams/111112/60.png,https://cdn.sofifa.net/flags/ci.png
3444,172953,https://sofifa.com/player/172953/adrian-mariappa/180002,A. Mariappa,Adrian Mariappa,"RB, CB",72,72,2200000.0,30000.0,30,1986-10-03,180,78,1795.0,Watford,English Premier League,1.0,RES,6.0,,2016-08-30,2019.0,82,Jamaica,,,,Right,3,2,1,Medium/Medium,Normal (170-185),Yes,4300000.0,,,68.0,34.0,57.0,63.0,75.0,72.0,57,27,76,63,21,59,33,22,61,65,68,68,64,73,76,47,80,70,77,34,58,68,53,58,44,64,76,77,79,6,15,8,13,10,,55+1,55+1,55+1,58,57,57,57,58,58+1,58+1,58+1,60+1,62+1,62+1,62+1,60+1,69+1,69+1,69+1,69+1,69+1,71+1,73-1,73-1,73-1,71+1,18+1,https://cdn.sofifa.net/players/172/953/18_120.png,https://cdn.sofifa.net/teams/1795/60.png,https://cdn.sofifa.net/flags/gb-eng.png,,https://cdn.sofifa.net/flags/jm.png
2082,153938,https://sofifa.com/player/153938/angel-rangel-zaragoza/180002,Àngel Rangel,Àngel Rangel Zaragoza,RB,74,74,1600000.0,50000.0,34,1982-10-28,178,82,1960.0,Swansea City,English Premier League,1.0,SUB,22.0,,2007-07-01,2018.0,45,Spain,,,,Right,3,3,2,Medium/High,Normal (170-185),Yes,3000000.0,,Team Player,50.0,59.0,71.0,72.0,79.0,72.0,80,56,76,70,43,73,63,57,71,75,53,47,68,75,55,66,75,67,76,59,68,82,65,71,59,76,78,80,77,13,16,8,6,6,,66+1,66+1,66+1,68,67,67,67,68,68+1,68+1,68+1,69+1,71+1,71+1,71+1,69+1,73+1,75-1,75-1,75-1,73+1,73+1,76-2,76-2,76-2,73+1,17+1,https://cdn.sofifa.net/players/153/938/18_120.png,https://cdn.sofifa.net/teams/1960/60.png,https://cdn.sofifa.net/flags/gb-eng.png,,https://cdn.sofifa.net/flags/es.png
532,142784,https://sofifa.com/player/142784/pablo-zabaleta/180002,P. Zabaleta,Pablo Javier Zabaleta Girod,RB,79,79,7000000.0,100000.0,32,1985-01-16,178,74,19.0,West Ham United,English Premier League,1.0,RB,5.0,,2017-07-01,2019.0,52,Argentina,,,,Right,3,3,3,High/High,Normal (170-185),Yes,13300000.0,,"Dives Into Tackles (AI), Team Player",61.0,56.0,70.0,73.0,81.0,78.0,74,49,75,72,53,73,68,66,64,75,61,61,69,85,66,66,84,69,78,57,89,84,71,66,64,76,78,83,82,10,14,15,7,5,,67+2,67+2,67+2,69+1,69+1,69+1,69+1,69+1,69+2,69+2,69+2,70+2,72+2,72+2,72+2,70+2,76+2,77+2,77+2,77+2,76+2,77+2,80-1,80-1,80-1,77+2,18+2,https://cdn.sofifa.net/players/142/784/18_120.png,https://cdn.sofifa.net/teams/19/60.png,https://cdn.sofifa.net/flags/gb-eng.png,,https://cdn.sofifa.net/flags/ar.png
10575,227927,https://sofifa.com/player/227927/kyle-walker-peters/180002,K. Walker-Peters,Kyle Walker-Peters,"RB, LB",65,80,1100000.0,15000.0,20,1997-04-13,174,64,18.0,Tottenham Hotspur,English Premier League,1.0,RES,37.0,,2015-07-01,2020.0,14,England,,,,Right,4,2,1,High/Medium,Normal (170-185),Yes,2700000.0,,,79.0,36.0,55.0,63.0,63.0,61.0,62,35,55,60,25,62,50,31,55,60,81,77,72,55,82,31,75,68,61,41,48,64,55,44,32,66,60,67,63,9,8,7,11,12,,52+1,52+1,52+1,58,55,55,55,58,56+1,56+1,56+1,60+1,56+1,56+1,56+1,60+1,64+1,60+1,60+1,60+1,64+1,64+1,61+1,61+1,61+1,64+1,15+1,https://cdn.sofifa.net/players/227/927/18_120.png,https://cdn.sofifa.net/teams/18/60.png,https://cdn.sofifa.net/flags/gb-eng.png,,https://cdn.sofifa.net/flags/gb-eng.png
1613,152908,https://sofifa.com/player/152908/ashley-young/180002,A. Young,Ashley Young,"RB, LM, LB",75,75,4400000.0,80000.0,31,1985-07-09,175,65,11.0,Manchester United,English Premier League,1.0,SUB,18.0,,2011-07-01,2018.0,14,England,,,,Right,3,3,2,Medium/Medium,Lean (170-185),Yes,8100000.0,,"Diver, Avoids Using Weaker Foot, Early Crosser",77.0,69.0,77.0,79.0,65.0,61.0,84,65,54,77,73,78,86,72,69,79,79,76,81,79,77,75,57,73,57,70,58,67,68,75,65,65,64,68,63,16,10,15,16,15,,70+3,70+3,70+3,76-1,74+1,74+1,74+1,76-1,75,75,75,76-1,74+1,74+1,74+1,76-1,73+2,70+3,70+3,70+3,73+2,72+3,65+3,65+3,65+3,72+3,21+3,https://cdn.sofifa.net/players/152/908/18_120.png,https://cdn.sofifa.net/teams/11/60.png,https://cdn.sofifa.net/flags/gb-eng.png,,https://cdn.sofifa.net/flags/gb-eng.png
1057,192667,https://sofifa.com/player/192667/allan-nyom/180002,A. Nyom,Allan Roméo Nyom,"LB, RB",77,77,6500000.0,70000.0,29,1988-05-10,188,81,109.0,West Bromwich Albion,English Premier League,1.0,RB,2.0,,2016-08-31,2020.0,103,Cameroon,,,,Right,3,2,2,Medium/Medium,Normal (185+),Yes,12400000.0,,Injury Free,75.0,47.0,63.0,67.0,78.0,83.0,75,27,69,65,44,68,68,30,64,72,72,78,50,74,50,74,57,84,86,66,80,75,51,54,37,67,77,83,81,12,8,9,9,14,,61+1,61+1,61+1,63,62,62,62,63,62+1,62+1,62+1,66+1,66+1,66+1,66+1,66+1,76+1,74+1,74+1,74+1,76+1,76+1,77,77,77,76+1,18+1,https://cdn.sofifa.net/players/192/667/18_120.png,https://cdn.sofifa.net/teams/109/60.png,https://cdn.sofifa.net/flags/gb-eng.png,,https://cdn.sofifa.net/flags/cm.png
1870,205989,https://sofifa.com/player/205989/calum-chambers/180002,C. Chambers,Calum Chambers,"CB, RB",75,84,9000000.0,60000.0,22,1995-01-20,183,66,1.0,Arsenal,English Premier League,1.0,RES,21.0,,2014-07-28,2020.0,14,England,,,,Right,3,2,1,Low/High,Normal (170-185),Yes,18500000.0,,,64.0,51.0,66.0,69.0,75.0,76.0,70,47,68,73,49,67,59,49,65,73,61,67,66,66,67,52,71,75,75,56,81,72,54,54,54,68,75,79,77,11,14,12,7,12,,61+1,61+1,61+1,64,62,62,62,64,64+1,64+1,64+1,65+1,67+1,67+1,67+1,65+1,72+1,73+1,73+1,73+1,72+1,72+1,74+1,74+1,74+1,72+1,17+1,https://cdn.sofifa.net/players/205/989/18_120.png,https://cdn.sofifa.net/teams/1/60.png,https://cdn.sofifa.net/flags/gb-eng.png,,https://cdn.sofifa.net/flags/gb-eng.png
1036,188155,https://sofifa.com/player/188155/daryl-janmaat/180002,D. Janmaat,Daryl Janmaat,"RB, RWB",77,77,7500000.0,50000.0,27,1989-07-22,185,80,1795.0,Watford,English Premier League,1.0,RB,2.0,,2016-08-24,2020.0,34,Netherlands,,,,Right,3,3,2,High/Medium,Normal (185+),Yes,14300000.0,,Early Crosser,74.0,63.0,70.0,74.0,74.0,81.0,77,55,70,70,67,74,64,56,68,76,72,75,71,79,63,76,71,92,75,64,84,73,68,70,62,66,74,77,75,15,10,7,11,7,,70+1,70+1,70+1,71,71,71,71,71,71+1,71+1,71+1,73+1,73+1,73+1,73+1,73+1,77,75+1,75+1,75+1,77,76+1,75+1,75+1,75+1,76+1,18+1,https://cdn.sofifa.net/players/188/155/18_120.png,https://cdn.sofifa.net/teams/1795/60.png,https://cdn.sofifa.net/flags/gb-eng.png,,https://cdn.sofifa.net/flags/nl.png
4483,204519,https://sofifa.com/player/204519/cuco-martina/180002,C. Martina,Rhu-endly Aurelio Jean-Carlo Martina,"RB, CB",71,71,2000000.0,50000.0,27,1989-09-25,185,77,7.0,Everton,English Premier League,1.0,RWB,15.0,,2017-07-17,2020.0,85,Curacao,,,,Right,3,2,1,Medium/Medium,Lean (185+),Yes,3700000.0,,Long Throw-in,71.0,52.0,62.0,63.0,69.0,75.0,71,45,65,62,44,62,60,45,60,61,69,72,70,72,60,61,85,82,73,60,71,70,53,59,51,71,68,72,69,13,14,14,14,12,,60+1,60+1,60+1,62,60,60,60,62,61+1,61+1,61+1,64+1,63+1,63+1,63+1,64+1,70+1,68+1,68+1,68+1,70+1,70+1,70+1,70+1,70+1,70+1,20+1,https://cdn.sofifa.net/players/204/519/18_120.png,https://cdn.sofifa.net/teams/7/60.png,https://cdn.sofifa.net/flags/gb-eng.png,,https://cdn.sofifa.net/flags/cw.png
